{
	"info" : {
		"title" : "the invitro"
	},

	"assets" : {
	
		"images" : [
			"images/tekstit.png",
			"images/kreditsgreets.png",
			"images/disp.jpg",
			"images/queens.png",
			"images/logo3.png",
			"images/tex05.jpg",
			"images/poplabel.png",
			"images/arrows.png"
		],
		
		"vertexshader" : "shaders/shader.vert",
        "song" : {
			"path" : "audio/dem_rascals_1.mp3", 
			"bpm" : 110
		},
		
		"fragmentshaders" : [
			"shaders/red.frag",
			"shaders/black_metaballs.frag",
			"shaders/blue.frag",
			"shaders/brabo.frag",
			"shaders/colorful_metaballs.frag",
			"shaders/glowingmetaballs.frag",
			"shaders/haro.frag",
			"shaders/kredut.frag",
			"shaders/march1.frag",
			"shaders/varijutska.frag",
			"shaders/wave.frag",
			"shaders/outopallot.frag",
			"shaders/noby.frag",
			"shaders/cce.frag",
			"shaders/rayspheres.frag",
			"shaders/disain.frag",
			"shaders/greetings.frag",
			"shaders/banner.frag",
			"shaders/firebug.frag"
		],
		
		"text" : []
	},

    "textureslots" : {
        "0" : "logo3.png",
		"1" : "tekstit.png",
		"2" : "kreditsgreets.png",
		"3" : "disp.jpg",
		"4" : "poplabel.png",
		"5" : "queens.png",
		"6" : "arrows.png",
		"7" : "tex05.jpg"
    },
	
	"effects" : {
		"punainen" : {
			"shader" : "red.frag",
			"params" : {}
		},
		"march1" : {
			"shader" : "march1.frag",
			"params" : {}
		},
		"varijutska" : {
			"shader" : "varijutska.frag",
			"params" : {}
		},
		"sininen" : {
			"shader" : "blue.frag",
			"params" : {}
		},
		"glowingmetaballs" : {
			"shader" : "glowingmetaballs.frag",
			"params" : {}
		},
		"black_metaballs" : {
			"shader" : "black_metaballs.frag",
			"params" : {}
		},
		"colorful_metaballs" : {
			"shader" : "colorful_metaballs.frag",
			"params" : {}
		},
		"brabo" : {
			"shader" : "brabo.frag",
			"params" : {}
		},
		"haro" : {
			"shader" : "haro.frag",
			"params" : {}
		},
		"wave" : {
			"shader" : "wave.frag",
			"params" : {}
		},
		"kredut" : {
			"shader" : "kredut.frag",
			"params" : {}
		},
		"noby" : {
			"shader" : "noby.frag",
			"params" : {}
		},
		"cce" : {
			"shader" : "cce.frag",
			"params" : {}
		},
		"rayspheres" : {
			"shader" : "rayspheres.frag",
			"params" : {}
		},
		"disain" : {
			"shader" : "disain.frag",
			"params" : {}
		},
		"greetings" : {
			"shader" : "greetings.frag",
			"params" : {}
		},
		"banner" : {
			"shader" : "banner.frag",
			"params" : {}
		},
		"firebug" : {
		  "shader" : "firebug.frag",
		  "params" : {}
		}
	
	}, "playlist" : {
		"entries" : [

			{
			"effect" : "varijutska",
			"begin" : 0.0,
			"end" : 16.0,
			"params" : { 
			}
			},
			{
			"effect" : "wave",
			"begin" : 16.0,
			"end" : 32.0,
			"params" : { 
			}
			},
			{
			"effect" : "haro",
			"begin" : 32.0,
			"end" : 46.0,
			"params" : { 
			}
			},
			{
			"effect" : "glowingmetaballs",
			"begin" : 46.0,
			"end" : 48.0,
			"params" : { 
			}
			},
			{
			"effect" : "noby",
			"begin" : 48.0,
			"end" : 63.0,
			"params" : { 
			}
			},
			{
			"effect" : "colorful_metaballs",
			"begin" : 63.0,
			"end" : 70.0,
			"params" : { 
			}
			},
			{
			"effect" : "rayspheres",
			"begin" : 70.0,
			"end" : 79.0,
			"params" : { 
			}
			},
			{
			"effect" : "kredut",
			"begin" : 79.0,
			"end" : 96.0,
			"params" : { 
			}
			},
			{
			"effect" : "march1",
			"begin" : 96.0,
			"end" : 127.0,
			"params" : { 
			}
			},
			{
			"effect" : "cce",
			"begin" : 127.0,
			"end" : 160.0,
			"params" : { 
			}
			},
			{
			"effect" : "greetings",
			"begin" : 160.0,
			"end" : 192.0,
			"params" : { 
			}
			},
			{
			"effect" : "firebug",
			"begin" : 192.0,
			"end" : 224.0,
			"params" : { 
			}
			},
			{
			"effect" : "brabo",
			"begin" : 224.0,
			"end" : 241.0,
			"params" : { 
			}
			},
			{
			"effect" : "banner",
			"begin" : 241.0,
			"end" : 260.0,
			"params" : { 
			}
			}
		]
	}
}
